{"MAE": 2195.478023773413, "RMSE": 3045.7399342126146, "R2": 0.8753917462277203}