{"MAE": 2657.3772455195885, "RMSE": 3707.425838146112, "R2": 0.8032479086935211}