{"MAE": 1046.7480761250044, "RMSE": 1383.239766980336, "R2": 0.9742986398798399}