{"MAE": 1658.012649776853, "RMSE": 2445.4635530321084, "R2": 0.9143954592718023}