{"MAE": 3355.197897127942, "RMSE": 4612.366189794403, "R2": 0.6571273449050714}