{"MAE": 3349.5555555555557, "RMSE": 4610.642890409554, "R2": 0.657383509237528}