{"MAE": 977.0111852707178, "RMSE": 1424.574410642711, "R2": 0.9727396484225991}