{"MAE": 1736.2126454960915, "RMSE": 2538.6909100129574, "R2": 0.907744117293902}