{"MAE": 3355.7613596350557, "RMSE": 4612.997712086543, "R2": 0.6570334466585571}